headline,link
चुनावी प्रचारमा उम्मेदवारका ढर्रा,https://www.onlinekhabar.com/2026/01/1855339/candidates-style-in-election-campaign
"कान्तिलोकपथ सडकमा ट्रक र स्कुटर ठोक्यिो, एक जनाको मृत्यु",https://www.onlinekhabar.com/2026/01/1855354/truck-and-scooter-collide-on-kantilokpath-road-one-person-dies
आचारसंहिताअघि गण्डकीका ५ अस्पतालको अध्यक्ष र सदस्यमा कांग्रेस–एमालेको भागबन्डा,https://www.onlinekhabar.com/2026/01/1855322/congress-uml-share-in-chairmen-and-members-of-5-hospitals-in-gandaki-ahead-of-silence-period
निर्वाचनमा इन्धन अभाव हुन नदिन कस्तो छ आयल निगमको तयारी ?,https://www.onlinekhabar.com/2026/01/1855311/how-is-the-oil-corporation-prepared-to-prevent-fuel-shortages-during-the-elections
"प्रशान्त सम्झिएनन्, श्रद्धाञ्जलीमा एकशब्द खर्चेनन्",https://www.onlinekhabar.com/2026/01/1852545/prashant-was-not-remembered-he-did-not-spend-a-single-word-in-tribute
ऐननियम बाझिने गरी सहकारी शाखा खारेज गर्न प्रधानमन्त्री कार्यालयको निर्देशन,https://www.onlinekhabar.com/2026/01/1855299/prime-ministers-office-directs-to-dissolve-cooperative-branches-in-violation-of-laws-and-regulations
"साढे ६ वर्षमै दोब्बर भयो सार्वजनिक ऋण, प्रतिव्यक्ति भार १ लाख नजिक",https://www.onlinekhabar.com/2026/01/1855142/public-debt-has-doubled-in-6-and-a-half-years-per-capita-burden-close-to-1-lakh
काठमाडौं-५ : पुराना ‘हेभिवेट’ लाई नयाँको चुनौती,https://www.onlinekhabar.com/2026/01/1855148/kathmandu-5-new-challenge-to-old-heavyweights
"सर्लाही ४: उम्मेदवारको लक्ष्य प्रधानमन्त्री, जनताको अपेक्षा पानी–बिजुली",https://www.onlinekhabar.com/2026/01/1854845/sarlahi-4-candidates-goal-is-prime-minister-peoples-expectations-are-water-and-electricity
"चुनावमा २३ भदौको हत्या विरोधी एकातिर, २४ भदौको वितण्डा विरोधी अर्कातिर",https://www.onlinekhabar.com/2026/01/1854837/on-one-side-are-those-opposed-to-the-violence-of-bhadra-23-in-the-election-on-the-other-side-are-those-opposed-to-the-destruction-of-bhadra-24
"७ तरिका, जसले बचत गर्न सिकाउँछ",https://www.onlinekhabar.com/web-stories/7-ways-that-teach-you-to-save
नाइट क्लबमा हुडीको टोपी लगाएर जान किन मिल्दैन ?,https://www.onlinekhabar.com/web-stories/why-cant-you-wear-a-hoodie-and-hat-to-a-nightclub
जाडोमा कसरी रहने स्वस्थ ? यी हुन् प्राकृतिक उपाय,https://www.onlinekhabar.com/web-stories/how-to-stay-healthy-in-winter-these-are-the-natural-remedies
"जाइफलका ८ फाइदा, कसरी प्रयोग गर्ने ?",https://www.onlinekhabar.com/web-stories/8-benefits-of-nutmeg-how-to-use-it
चकित पार्ने यी ५ प्राणीको रोचक तथ्य,https://www.onlinekhabar.com/web-stories/interesting-facts-about-these-5-surprising-animals
स्वास्थ्य,/health?utm_source=OK&utm_medium=Homepage_healthsection
आयुर्वेद,https://www.onlinekhabar.com/content/lifestyle/ayurved
